Trainer Name,Skills,Location,Years of Experience,Certifications,Industry
Charlotte Clark,"Python, Strategic Thinking, Graphic Design","Madrid, Spain",9,Google Ads Certified,Finance
Punit Joshi,"Python, Strategic Thinking, Graphic Design","Madrid, Spain",9,Google Ads Certified,Finance
Ayesha Shah,"Python, Strategic Thinking, Graphic Design","Madrid, Spain",9,Google Ads Certified,Finance
Ava Anderson,"Time Management, AWS, Python, Strategic Thinking","London, UK",16,IBM Data Science Pro,Marketing
Elizabeth Green,"Branding, Project Management, JavaScript","New York, USA",9,AWS Certified Solutions Architect,IT
Avery Rodriguez,"Content Writing, Training & Development, Team Building","Dubai, UAE",12,AWS Certified Solutions Architect,Finance
Ava Garcia,"Performance Management, Marketing Strategy, Team Building, React","Tokyo, Japan",7,Six Sigma Green Belt,Security
Ava Lewis,"AWS, Negotiation, Time Management","Berlin, Germany",13,CFA Level 1,Tech
Logan Smith,"Business Strategy, React, Blockchain","Tokyo, Japan",8,PMP Certified,Design
Olivia Davis,"Python, Team Building, Content Writing","Berlin, Germany",3,Six Sigma Green Belt,IT
Sofia Lewis,"Content Writing, Marketing Strategy, Blockchain","Berlin, Germany",4,IBM Data Science Pro,Finance
Elijah Garcia,"Time Management, Recruitment, HR Management","New York, USA",20,CEH Certified,IT
Ethan Martinez,"Negotiation, AI Research, Project Management, UI/UX Design","Sydney, Australia",17,Azure Solutions Architect,Management
Daniel Wilson,"Recruitment, JavaScript, Leadership, Power BI","Berlin, Germany",6,IBM Data Science Pro,Design
Emma Clark,"Graphic Design, Branding, Analytics","New York, USA",5,TensorFlow Developer Cert,Finance
Amelia Brown,"JavaScript, Blockchain, Time Management","Mumbai, India",19,CFA Level 1,Finance
Noah Davis,"Communication Skills, HR Management, AI Research, Team Building","Mumbai, India",19,CEH Certified,Management
Evelyn Green,"Communication Skills, Strategic Thinking, Recruitment, Data Science","Sydney, Australia",20,Meta Front-End Developer Cert,Security
Alexander Smith,"Performance Management, Time Management, AWS","Toronto, Canada",10,Adobe Certified Expert,Finance
Noah Smith,"Analytics, Machine Learning, React","Dubai, UAE",16,Six Sigma Green Belt,IT
Amelia Lee,"Analytics, Training & Development, Machine Learning, Employee Relations","Madrid, Spain",8,Certified Scrum Master,Tech
Amelia Walker,"Social Media Management, Recruitment, Financial Analysis, Project Management","Madrid, Spain",11,PMP Certified,Tech
Olivia Young,"Strategic Thinking, Graphic Design, Content Writing, Marketing Strategy","San Francisco, USA",10,CompTIA Security+,Finance
Emma Martinez,"Blockchain, AI Research, Machine Learning","Mumbai, India",16,Six Sigma Green Belt,AI/ML
Charlotte Hall,"Strategic Thinking, Time Management, AI Research","London, UK",3,Meta Front-End Developer Cert,Design
Avery Green,"Leadership, Machine Learning, Graphic Design, AWS","New York, USA",8,PMP Certified,Management
Emily King,"Data Science, Financial Analysis, Recruitment, Business Strategy","Toronto, Canada",8,CEH Certified,Management
Avery Garcia,"Strategic Thinking, Negotiation, Project Management, Employee Relations","Sydney, Australia",20,Certified Scrum Master,Security
Benjamin King,"Leadership, Financial Analysis, Communication Skills, AI Research","San Francisco, USA",11,Adobe Certified Expert,Tech
Evelyn Brown,"Financial Analysis, Strategic Thinking, Power BI","Madrid, Spain",10,Google Ads Certified,Tech
Evelyn Davis,"Employee Relations, Cloud Computing, AWS","Dubai, UAE",15,Meta Front-End Developer Cert,Security
Evelyn Walker,"Recruitment, Performance Management, Negotiation, Business Strategy","San Francisco, USA",18,CEH Certified,Business
Harper Wright,"Business Strategy, Power BI, Financial Analysis, Content Writing","Berlin, Germany",20,CFA Level 1,IT
Sebastian Johnson,"Communication Skills, Python, Recruitment","San Francisco, USA",18,Certified Scrum Master,Management
Lucas Clark,"Blockchain, HR Management, Branding, Content Writing","Dubai, UAE",2,Certified Scrum Master,Security
Liam Brown,"Blockchain, Leadership, UI/UX Design","Madrid, Spain",3,Six Sigma Green Belt,Management
Olivia Brown,"Blockchain, Training & Development, Graphic Design, JavaScript","Berlin, Germany",10,Meta Front-End Developer Cert,IT
Lucas Lee,"Analytics, Python, Performance Management","San Francisco, USA",10,CEH Certified,AI/ML
Jackson Davis,"Strategic Thinking, Data Science, AWS","New York, USA",6,Certified Scrum Master,Management
Daniel Allen,"Content Writing, AWS, Team Building, Cloud Computing","Toronto, Canada",20,TensorFlow Developer Cert,AI/ML
Sofia Davis,"Cloud Computing, Data Science, Strategic Thinking","New York, USA",19,AWS Certified Solutions Architect,Business
Emma Anderson,"React, UI/UX Design, AWS","Berlin, Germany",5,TensorFlow Developer Cert,Security
Ethan Johnson,"Strategic Thinking, Business Analysis, Recruitment","Sydney, Australia",9,CEH Certified,Design
James Wright,"JavaScript, Analytics, Financial Analysis, Negotiation","Sydney, Australia",10,Certified Scrum Master,Finance
Alexander Smith,"Power BI, Financial Analysis, Business Analysis","Sydney, Australia",4,CompTIA Security+,Management
Amelia Wright,"AI Research, Employee Relations, Strategic Thinking, Power BI","Sydney, Australia",14,CFA Level 1,Business
Jackson Lee,"HR Management, Cloud Computing, Recruitment, Python","London, UK",15,IBM Data Science Pro,AI/ML
Olivia Clark,"Branding, Social Media Management, Business Strategy, Analytics","Dubai, UAE",3,Meta Front-End Developer Cert,Marketing
Amelia Johnson,"Machine Learning, Performance Management, Business Strategy, Data Science","Mumbai, India",19,AWS Certified Solutions Architect,Security
Noah Lewis,"Python, Leadership, Project Management, Marketing Strategy","Madrid, Spain",6,Meta Front-End Developer Cert,IT
Lucas Johnson,"Python, Team Building, JavaScript, Business Strategy","Dubai, UAE",12,Adobe Certified Expert,Business
Elizabeth Anderson,"Power BI, Training & Development, Performance Management","Dubai, UAE",6,CFA Level 1,IT
